offset,8bit,short,24bit,32bit, fixed_8.8, fixed_10.6, fixed_12.4, fixed_16.8, fixed_18.6, fixed_20.4, fixed_16.16,fixed_24.8,fixed_26.6,fixed_28.4, float32
0, 0, 55296, 10016768, 211343360, 216.0, 864.0, 3456.0, 39128.0, 156512.0, 626048.0, 3224.84375, 825560.0, 3302240.0, 13208960.0, 2.3549308394994926e-31
1, 216, 39128, 825560, 4279015640, 152.84375, 611.375, 2445.5, 3224.84375, 12899.375, 51597.5, 65292.59704589844, 16714904.84375, 66859619.375, 267438477.5, -1.868855295328599e+38
2, 152, 3224, 16714904, 2063535256, 12.59375, 50.375, 201.5, 65292.59375, 261170.375, 1044681.5, 31487.049194335938, 8060684.59375, 32242738.375, 128970953.5, 6.621455652611635e+35
3, 12, 65292, 8060684, 2021326604, 255.046875, 1020.1875, 4080.75, 31487.046875, 125948.1875, 503792.75, 30842.99627685547, 7895807.046875, 31583228.1875, 126332912.75, 2.0363237184696691e+34
4, 255, 31487, 7895807, 0, 122.99609375, 491.984375, 1967.9375, 30842.99609375, 123371.984375, 493487.9375, 0, 0, 0, 0, 0
5, 122, 30842, 0, 0, 120.4765625, 481.90625, 1927.625, 0, 0, 0, 0, 0, 0, 0, 0
6, 120, 0, 0, 0, 0, 0, 0, 0, 0, 0, 0, 0, 0, 0, 0