offset,8bit,short,24bit,32bit, fixed_8.8, fixed_10.6, fixed_12.4, fixed_16.8, fixed_18.6, fixed_20.4, fixed_16.16,fixed_24.8,fixed_26.6,fixed_28.4, float32
0, 0, 32768, 3702784, 20480000, 128.0, 512.0, 2048.0, 14464.0, 57856.0, 231424.0, 312.5, 80000.0, 320000.0, 1280000.0, 3.3887298082298757e-38
1, 128, 14464, 80000, 4278270080, 56.5, 226.0, 904.0, 312.5, 1250.0, 5000.0, 65281.220703125, 16711992.5, 66847970.0, 267391880.0, -1.7176377622876137e+38
2, 56, 312, 16711992, 3003056440, 1.21875, 4.875, 19.5, 65281.21875, 261124.875, 1044499.5, 45823.00476074219, 11730689.21875, 46922756.875, 187691027.5, -2.968646128920227e-08
3, 1, 65281, 11730689, 2729639681, 255.00390625, 1020.015625, 4080.0625, 45823.00390625, 183292.015625, 733168.0625, 41650.99610900879, 10662655.00390625, 42650620.015625, 170602480.0625, -4.851699256344532e-18
4, 255, 45823, 10662655, 0, 178.99609375, 715.984375, 2863.9375, 41650.99609375, 166603.984375, 666415.9375, 0, 0, 0, 0, 0
5, 178, 41650, 0, 0, 162.6953125, 650.78125, 2603.125, 0, 0, 0, 0, 0, 0, 0, 0
6, 162, 0, 0, 0, 0, 0, 0, 0, 0, 0, 0, 0, 0, 0, 0