offset,8bit,short,24bit,32bit, fixed_8.8, fixed_10.6, fixed_12.4, fixed_16.8, fixed_18.6, fixed_20.4, fixed_16.16,fixed_24.8,fixed_26.6,fixed_28.4, float32
0, 0, 61440, 4845568, 38400000, 240.0, 960.0, 3840.0, 18928.0, 75712.0, 302848.0, 585.9375, 150000.0, 600000.0, 2400000.0, 1.483602440432348e-37
1, 240, 18928, 150000, 4278340080, 73.9375, 295.75, 1183.0, 585.9375, 2343.75, 9375.0, 65282.288818359375, 16712265.9375, 66849063.75, 267396255.0, -1.73183544901017e+38
2, 73, 585, 16712265, 1140785737, 2.28515625, 9.140625, 36.5625, 65282.28515625, 261129.140625, 1044516.5625, 17407.0089263916, 4456194.28515625, 17824777.140625, 71299108.5625, 510.0178527832031
3, 2, 65282, 4456194, 2017722114, 255.0078125, 1020.03125, 4080.125, 17407.0078125, 69628.03125, 278512.125, 30787.996124267578, 7881727.0078125, 31526908.03125, 126107632.125, 1.590109469249293e+34
4, 255, 17407, 7881727, 0, 67.99609375, 271.984375, 1087.9375, 30787.99609375, 123151.984375, 492607.9375, 0, 0, 0, 0, 0
5, 67, 30787, 0, 0, 120.26171875, 481.046875, 1924.1875, 0, 0, 0, 0, 0, 0, 0, 0
6, 120, 0, 0, 0, 0, 0, 0, 0, 0, 0, 0, 0, 0, 0, 0