offset,8bit,short,24bit,32bit, fixed_8.8, fixed_10.6, fixed_12.4, fixed_16.8, fixed_18.6, fixed_20.4, fixed_16.16,fixed_24.8,fixed_26.6,fixed_28.4, float32
0, 0, 12288, 6500352, 56832000, 48.0, 192.0, 768.0, 25392.0, 101568.0, 406272.0, 867.1875, 222000.0, 888000.0, 3552000.0, 6.676440570685961e-37
1, 48, 25392, 222000, 2802017072, 99.1875, 396.75, 1587.0, 867.1875, 3468.75, 13875.0, 42755.387451171875, 10945379.1875, 43781516.75, 175126067.0, -1.823367167972864e-15
2, 99, 867, 10945379, 3198616419, 3.38671875, 13.546875, 54.1875, 42755.38671875, 171021.546875, 684086.1875, 48807.01322937012, 12494595.38671875, 49978381.546875, 199913526.1875, -0.32619771361351013
3, 3, 42755, 12494595, 3367937795, 167.01171875, 668.046875, 2672.1875, 48807.01171875, 195228.046875, 780912.1875, 51390.65238952637, 13156007.01171875, 52624028.046875, 210496112.1875, -390456.09375
4, 167, 48807, 13156007, 0, 190.65234375, 762.609375, 3050.4375, 51390.65234375, 205562.609375, 822250.4375, 0, 0, 0, 0, 0
5, 190, 51390, 0, 0, 200.7421875, 802.96875, 3211.875, 0, 0, 0, 0, 0, 0, 0, 0
6, 200, 0, 0, 0, 0, 0, 0, 0, 0, 0, 0, 0, 0, 0, 0