offset,8bit,short,24bit,32bit, fixed_8.8, fixed_10.6, fixed_12.4, fixed_16.8, fixed_18.6, fixed_20.4, fixed_16.16,fixed_24.8,fixed_26.6,fixed_28.4, float32
0, 0, 61440, 4845568, 38400000, 240.0, 960.0, 3840.0, 18928.0, 75712.0, 302848.0, 585.9375, 150000.0, 600000.0, 2400000.0, 1.483602440432348e-37
1, 240, 18928, 150000, 2567064048, 73.9375, 295.75, 1183.0, 585.9375, 2343.75, 9375.0, 39170.288818359375, 10027593.9375, 40110375.75, 160441503.0, -6.735774036207373e-24
2, 73, 585, 10027593, 3029926473, 2.28515625, 9.140625, 36.5625, 39170.28515625, 156681.140625, 626724.5625, 46233.0089263916, 11835650.28515625, 47342601.140625, 189370404.5625, -2.850013345323532e-07
3, 2, 39170, 11835650, 2729744642, 153.0078125, 612.03125, 2448.125, 46233.0078125, 184932.03125, 739728.125, 41652.59768676758, 10663065.0078125, 42652260.03125, 170609040.125, -4.895110108481621e-18
4, 153, 46233, 10663065, 0, 180.59765625, 722.390625, 2889.5625, 41652.59765625, 166610.390625, 666441.5625, 0, 0, 0, 0, 0
5, 180, 41652, 0, 0, 162.703125, 650.8125, 2603.25, 0, 0, 0, 0, 0, 0, 0, 0
6, 162, 0, 0, 0, 0, 0, 0, 0, 0, 0, 0, 0, 0, 0, 0