offset,8bit,short,24bit,32bit, fixed_8.8, fixed_10.6, fixed_12.4, fixed_16.8, fixed_18.6, fixed_20.4, fixed_16.16,fixed_24.8,fixed_26.6,fixed_28.4, float32
0, 0, 21504, 15094784, 31872000, 84.0, 336.0, 1344.0, 58964.0, 235856.0, 943424.0, 486.328125, 124500.0, 498000.0, 1992000.0, 8.460919055405928e-38
1, 84, 58964, 124500, 2567038548, 230.328125, 921.3125, 3685.25, 486.328125, 1945.3125, 7781.25, 39169.89971923828, 10027494.328125, 40109977.3125, 160439909.25, -6.715658083124237e-24
2, 230, 486, 10027494, 3029926374, 1.8984375, 7.59375, 30.375, 39169.8984375, 156679.59375, 626718.375, 46233.007415771484, 11835649.8984375, 47342599.59375, 189370398.375, -2.849985207831196e-07
3, 1, 39169, 11835649, 2729744641, 153.00390625, 612.015625, 2448.0625, 46233.00390625, 184932.015625, 739728.0625, 41652.59767150879, 10663065.00390625, 42652260.015625, 170609040.0625, -4.895109694891315e-18
4, 153, 46233, 10663065, 0, 180.59765625, 722.390625, 2889.5625, 41652.59765625, 166610.390625, 666441.5625, 0, 0, 0, 0, 0
5, 180, 41652, 0, 0, 162.703125, 650.8125, 2603.25, 0, 0, 0, 0, 0, 0, 0, 0
6, 162, 0, 0, 0, 0, 0, 0, 0, 0, 0, 0, 0, 0, 0, 0