offset,8bit,short,24bit,32bit, fixed_8.8, fixed_10.6, fixed_12.4, fixed_16.8, fixed_18.6, fixed_20.4, fixed_16.16,fixed_24.8,fixed_26.6,fixed_28.4, float32
0, 0, 38912, 3708928, 37263360, 152.0, 608.0, 2432.0, 14488.0, 57952.0, 231808.0, 568.59375, 145560.0, 582240.0, 2328960.0, 1.3561806895131352e-37
1, 152, 14488, 145560, 2684500120, 56.59375, 226.375, 905.5, 568.59375, 2274.375, 9097.5, 40962.22106933594, 10486328.59375, 41945314.375, 167781257.5, -1.1030153615422574e-19
2, 56, 568, 10486328, 3030385208, 2.21875, 8.875, 35.5, 40962.21875, 163848.875, 655395.5, 46240.00866699219, 11837442.21875, 47349768.875, 189399075.5, -2.980393674079096e-07
3, 2, 40962, 11837442, 2830409730, 160.0078125, 640.03125, 2560.125, 46240.0078125, 184960.03125, 739840.125, 43188.62503051758, 11056288.0078125, 44225152.03125, 176900608.125, -2.005340677042368e-14
4, 160, 46240, 11056288, 0, 180.625, 722.5, 2890.0, 43188.625, 172754.5, 691018.0, 0, 0, 0, 0, 0
5, 180, 43188, 0, 0, 168.703125, 674.8125, 2699.25, 0, 0, 0, 0, 0, 0, 0, 0
6, 168, 0, 0, 0, 0, 0, 0, 0, 0, 0, 0, 0, 0, 0, 0