offset,8bit,short,24bit,32bit, fixed_8.8, fixed_10.6, fixed_12.4, fixed_16.8, fixed_18.6, fixed_20.4, fixed_16.16,fixed_24.8,fixed_26.6,fixed_28.4, float32
0, 0, 12288, 6500352, 56832000, 48.0, 192.0, 768.0, 25392.0, 101568.0, 406272.0, 867.1875, 222000.0, 888000.0, 3552000.0, 6.676440570685961e-37
1, 48, 25392, 222000, 3020120880, 99.1875, 396.75, 1587.0, 867.1875, 3468.75, 13875.0, 46083.387451171875, 11797347.1875, 47189388.75, 188757555.0, -1.223640992975561e-07
2, 99, 867, 11797347, 3367240547, 3.38671875, 13.546875, 54.1875, 46083.38671875, 184333.546875, 737334.1875, 51380.01322937012, 13153283.38671875, 52613133.546875, 210452534.1875, -368667.09375
3, 3, 46083, 13153283, 3536368643, 180.01171875, 720.046875, 2880.1875, 51380.01171875, 205520.046875, 822080.1875, 53960.70317077637, 13813940.01171875, 55255760.046875, 221023040.1875, -431006777344.0
4, 180, 51380, 13813940, 0, 200.703125, 802.8125, 3211.25, 53960.703125, 215842.8125, 863371.25, 0, 0, 0, 0, 0
5, 200, 53960, 0, 0, 210.78125, 843.125, 3372.5, 0, 0, 0, 0, 0, 0, 0, 0
6, 210, 0, 0, 0, 0, 0, 0, 0, 0, 0, 0, 0, 0, 0, 0