offset,8bit,short,24bit,32bit, fixed_8.8, fixed_10.6, fixed_12.4, fixed_16.8, fixed_18.6, fixed_20.4, fixed_16.16,fixed_24.8,fixed_26.6,fixed_28.4, float32
0, 0, 38912, 8361984, 25139200, 152.0, 608.0, 2432.0, 32664.0, 130656.0, 522624.0, 383.59375, 98200.0, 392800.0, 1571200.0, 4.694515769226313e-38
1, 152, 32664, 98200, 2684452760, 127.59375, 510.375, 2041.5, 383.59375, 1534.375, 6137.5, 40961.49841308594, 10486143.59375, 41944574.375, 167778297.5, -1.096894225009365e-19
2, 127, 383, 10486143, 3047162239, 1.49609375, 5.984375, 23.9375, 40961.49609375, 163845.984375, 655383.9375, 46496.00584411621, 11902977.49609375, 47611909.984375, 190447639.9375, -1.1921364375666599e-06
3, 1, 40961, 11902977, 3199574017, 160.00390625, 640.015625, 2560.0625, 46496.00390625, 185984.015625, 743936.0625, 48821.62501525879, 12498336.00390625, 49993344.015625, 199973376.0625, -0.3547363579273224
4, 160, 46496, 12498336, 0, 181.625, 726.5, 2906.0, 48821.625, 195286.5, 781146.0, 0, 0, 0, 0, 0
5, 181, 48821, 0, 0, 190.70703125, 762.828125, 3051.3125, 0, 0, 0, 0, 0, 0, 0, 0
6, 190, 0, 0, 0, 0, 0, 0, 0, 0, 0, 0, 0, 0, 0, 0