offset,8bit,short,24bit,32bit, fixed_8.8, fixed_10.6, fixed_12.4, fixed_16.8, fixed_18.6, fixed_20.4, fixed_16.16,fixed_24.8,fixed_26.6,fixed_28.4, float32
0, 0, 20480, 12800000, 12800000, 80.0, 320.0, 1280.0, 50000.0, 200000.0, 800000.0, 195.3125, 50000.0, 200000.0, 800000.0, 1.7936620343357659e-38
1, 80, 50000, 50000, 4278240080, 195.3125, 781.25, 3125.0, 195.3125, 781.25, 3125.0, 65280.762939453125, 16711875.3125, 66847501.25, 267390005.0, -1.711553039406518e+38
2, 195, 195, 16711875, 2784952515, 0.76171875, 3.046875, 12.1875, 65280.76171875, 261123.046875, 1044492.1875, 42495.00297546387, 10878720.76171875, 43514883.046875, 174059532.1875, -4.4235964798110814e-16
3, 0, 65280, 10878720, 2762342144, 255.0, 1020.0, 4080.0, 42495.0, 169980.0, 679920.0, 42149.99609375, 10790399.0, 43161596.0, 172646384.0, -7.198933018714299e-17
4, 255, 42495, 10790399, 0, 165.99609375, 663.984375, 2655.9375, 42149.99609375, 168599.984375, 674399.9375, 0, 0, 0, 0, 0
5, 165, 42149, 0, 0, 164.64453125, 658.578125, 2634.3125, 0, 0, 0, 0, 0, 0, 0, 0
6, 164, 0, 0, 0, 0, 0, 0, 0, 0, 0, 0, 0, 0, 0, 0