offset,8bit,short,24bit,32bit, fixed_8.8, fixed_10.6, fixed_12.4, fixed_16.8, fixed_18.6, fixed_20.4, fixed_16.16,fixed_24.8,fixed_26.6,fixed_28.4, float32
0, 0, 18432, 15222784, 32000000, 72.0, 288.0, 1152.0, 59464.0, 237856.0, 951424.0, 488.28125, 125000.0, 500000.0, 2000000.0, 8.532665536779358e-38
1, 72, 59464, 125000, 2533484616, 232.28125, 929.125, 3716.5, 488.28125, 1953.125, 7812.5, 38657.90734863281, 9896424.28125, 39585697.125, 158342788.5, -4.19753282098553e-25
2, 232, 488, 9896424, 3046572520, 1.90625, 7.625, 30.5, 38657.90625, 154631.625, 618526.5, 46487.00744628906, 11900673.90625, 47602695.625, 190410782.5, -1.1250931493123062e-06
3, 1, 38657, 11900673, 3199571713, 151.00390625, 604.015625, 2416.0625, 46487.00390625, 185948.015625, 743792.0625, 48821.58985900879, 12498327.00390625, 49993308.015625, 199973232.0625, -0.35466769337654114
4, 151, 46487, 12498327, 0, 181.58984375, 726.359375, 2905.4375, 48821.58984375, 195286.359375, 781145.4375, 0, 0, 0, 0, 0
5, 181, 48821, 0, 0, 190.70703125, 762.828125, 3051.3125, 0, 0, 0, 0, 0, 0, 0, 0
6, 190, 0, 0, 0, 0, 0, 0, 0, 0, 0, 0, 0, 0, 0, 0