offset,8bit,short,24bit,32bit, fixed_8.8, fixed_10.6, fixed_12.4, fixed_16.8, fixed_18.6, fixed_20.4, fixed_16.16,fixed_24.8,fixed_26.6,fixed_28.4, float32
0, 0, 34816, 5801984, 22579200, 136.0, 544.0, 2176.0, 22664.0, 90656.0, 362624.0, 344.53125, 88200.0, 352800.0, 1411200.0, 3.977050955492007e-38
1, 136, 22664, 88200, 2684442760, 88.53125, 354.125, 1416.5, 344.53125, 1378.125, 5512.5, 40961.34582519531, 10486104.53125, 41944418.125, 167777672.5, -1.0956017553022508e-19
2, 88, 344, 10486104, 3047162200, 1.34375, 5.375, 21.5, 40961.34375, 163845.375, 655381.5, 46496.00524902344, 11902977.34375, 47611909.375, 190447637.5, -1.1921320037799887e-06
3, 1, 40961, 11902977, 3199574017, 160.00390625, 640.015625, 2560.0625, 46496.00390625, 185984.015625, 743936.0625, 48821.62501525879, 12498336.00390625, 49993344.015625, 199973376.0625, -0.3547363579273224
4, 160, 46496, 12498336, 0, 181.625, 726.5, 2906.0, 48821.625, 195286.5, 781146.0, 0, 0, 0, 0, 0
5, 181, 48821, 0, 0, 190.70703125, 762.828125, 3051.3125, 0, 0, 0, 0, 0, 0, 0, 0
6, 190, 0, 0, 0, 0, 0, 0, 0, 0, 0, 0, 0, 0, 0, 0