offset,8bit,short,24bit,32bit, fixed_8.8, fixed_10.6, fixed_12.4, fixed_16.8, fixed_18.6, fixed_20.4, fixed_16.16,fixed_24.8,fixed_26.6,fixed_28.4, float32
0, 0, 59392, 8054784, 24832000, 232.0, 928.0, 3712.0, 31464.0, 125856.0, 503424.0, 378.90625, 97000.0, 388000.0, 1552000.0, 4.6084199915781965e-38
1, 232, 31464, 97000, 2902555368, 122.90625, 491.625, 1966.5, 378.90625, 1515.625, 6062.5, 44289.48010253906, 11338106.90625, 45352427.625, 181409710.5, -7.360091702768301e-12
2, 122, 378, 11338106, 3031236986, 1.4765625, 5.90625, 23.625, 44289.4765625, 177157.90625, 708631.625, 46253.005767822266, 11840769.4765625, 47363077.90625, 189452311.625, -3.2224835422312026e-07
3, 1, 44289, 11840769, 0, 173.00390625, 692.015625, 2768.0625, 46253.00390625, 185012.015625, 740048.0625, 0, 0, 0, 0, 0
4, 173, 46253, 0, 0, 180.67578125, 722.703125, 2890.8125, 0, 0, 0, 0, 0, 0, 0, 0
5, 180, 0, 0, 0, 0, 0, 0, 0, 0, 0, 0, 0, 0, 0, 0