offset,8bit,short,24bit,32bit, fixed_8.8, fixed_10.6, fixed_12.4, fixed_16.8, fixed_18.6, fixed_20.4, fixed_16.16,fixed_24.8,fixed_26.6,fixed_28.4, float32
0, 0, 5632, 2561536, 69670400, 22.0, 88.0, 352.0, 10006.0, 40024.0, 160096.0, 1063.0859375, 272150.0, 1088600.0, 4354400.0, 1.964085756330958e-36
1, 22, 10006, 272150, 2802067222, 39.0859375, 156.34375, 625.375, 1063.0859375, 4252.34375, 17009.375, 42756.15267944336, 10945575.0859375, 43782300.34375, 175129201.375, -1.833986843549065e-15
2, 39, 1063, 10945575, 3030844455, 4.15234375, 16.609375, 66.4375, 42756.15234375, 171024.609375, 684098.4375, 46247.01622009277, 11839236.15234375, 47356944.609375, 189427778.4375, -3.1109195219869434e-07
3, 4, 42756, 11839236, 2863965956, 167.015625, 668.0625, 2672.25, 46247.015625, 184988.0625, 739952.25, 43700.652404785156, 11187367.015625, 44749468.0625, 178997872.25, -3.2090313479421484e-13
4, 167, 46247, 11187367, 0, 180.65234375, 722.609375, 2890.4375, 43700.65234375, 174802.609375, 699210.4375, 0, 0, 0, 0, 0
5, 180, 43700, 0, 0, 170.703125, 682.8125, 2731.25, 0, 0, 0, 0, 0, 0, 0, 0
6, 170, 0, 0, 0, 0, 0, 0, 0, 0, 0, 0, 0, 0, 0, 0