offset,8bit,short,24bit,32bit, fixed_8.8, fixed_10.6, fixed_12.4, fixed_16.8, fixed_18.6, fixed_20.4, fixed_16.16,fixed_24.8,fixed_26.6,fixed_28.4, float32
0, 0, 57344, 9691136, 76800000, 224.0, 896.0, 3584.0, 37856.0, 151424.0, 605696.0, 1171.875, 300000.0, 1200000.0, 4800000.0, 3.476524542556915e-36
1, 224, 37856, 300000, 4278490080, 147.875, 591.5, 2366.0, 1171.875, 4687.5, 18750.0, 65284.57763671875, 16712851.875, 66851407.5, 267405630.0, -1.7622590634156473e+38
2, 147, 1171, 16712851, 4294902931, 4.57421875, 18.296875, 73.1875, 65284.57421875, 261138.296875, 1044553.1875, 65535.01786804199, 16776964.57421875, 67107858.296875, 268431433.1875, nan
3, 4, 65284, 16776964, 2617245444, 255.015625, 1020.0625, 4080.25, 65535.015625, 262140.0625, 1048560.25, 39935.996154785156, 10223615.015625, 40894460.0625, 163577840.25, -4.2351011225281047e-22
4, 255, 65535, 10223615, 0, 255.99609375, 1023.984375, 4095.9375, 39935.99609375, 159743.984375, 638975.9375, 0, 0, 0, 0, 0
5, 255, 39935, 0, 0, 155.99609375, 623.984375, 2495.9375, 0, 0, 0, 0, 0, 0, 0, 0
6, 155, 0, 0, 0, 0, 0, 0, 0, 0, 0, 0, 0, 0, 0, 0