offset,8bit,short,24bit,32bit, fixed_8.8, fixed_10.6, fixed_12.4, fixed_16.8, fixed_18.6, fixed_20.4, fixed_16.16,fixed_24.8,fixed_26.6,fixed_28.4, float32
0, 0, 24576, 5988352, 56320000, 96.0, 384.0, 1536.0, 23392.0, 93568.0, 374272.0, 859.375, 220000.0, 880000.0, 3520000.0, 6.446851830290983e-37
1, 96, 23392, 220000, 2768460640, 91.375, 365.5, 1462.0, 859.375, 3437.5, 13750.0, 42243.35693359375, 10814299.375, 43257197.5, 173028790.0, -1.139339782187023e-16
2, 91, 859, 10814299, 3366257499, 3.35546875, 13.421875, 53.6875, 42243.35546875, 168973.421875, 675893.6875, 51365.013107299805, 13149443.35546875, 52597773.421875, 210391093.6875, -337946.84375
3, 3, 42243, 13149443, 3536364803, 165.01171875, 660.046875, 2640.1875, 51365.01171875, 205460.046875, 821840.1875, 53960.64457702637, 13813925.01171875, 55255700.046875, 221022800.1875, -430880948224.0
4, 165, 51365, 13813925, 0, 200.64453125, 802.578125, 3210.3125, 53960.64453125, 215842.578125, 863370.3125, 0, 0, 0, 0, 0
5, 200, 53960, 0, 0, 210.78125, 843.125, 3372.5, 0, 0, 0, 0, 0, 0, 0, 0
6, 210, 0, 0, 0, 0, 0, 0, 0, 0, 0, 0, 0, 0, 0, 0